date,url,username,content,link0,link1,link2,link3,link4,url0,url1,url2,url3,url4
2023-05-29T15:00:02+00:00,https://twitter.com/Hyperledger/status/1663198520440938498,Hyperledger,"Join us on May 31 for an in depth technical workshop about how to use Hyperledger AnonCreds to issue and present #VerifiableCredentials and how to use Zero Knowledge Proofs with Indy, Aries and other platforms

https://t.co/4jWVldzr1X https://t.co/w0wtGDaDGm",https://hubs.la/Q01RnVDg0,,,,,https://pbs.twimg.com/media/FxTePW0WIAMw08f?format=jpg&name=orig,,,,
2023-06-01T11:57:20+00:00,https://twitter.com/spherity/status/1664239706492526594,spherity,"üì£¬†Attention #SSI community! We're excited to announce the Aries plugin for @veramolabs for our product, #CARO.

Fully built around Aries RFCs (selective) using Veramo Message Handler architecture, this plug-in supports selective DIDComm messages.

üëâhttps://t.co/PGwgsKXdlq https://t.co/23xol8IEkk",https://github.com/spherity/aries-rfcs-veramo-plugin,,,,,https://pbs.twimg.com/media/FxiRKiDX0AA0URx?format=jpg&name=orig,,,,
2023-05-31T20:07:21+00:00,https://twitter.com/TelegramSam/status/1664000633320640512,TelegramSam,"@rileyphughes @niels_klomp @TimoGlastra @IdentityWoman I kinda mean both, though for different reasons. The protocol defs have a growing home at the DIDComm UG at the DIF. The codebases will continue, with possible adjustments as community chooses.",,,,,,,,,,
2023-05-30T19:32:22+00:00,https://twitter.com/IdentityWoman/status/1663629441652883456,IdentityWoman,"@TimoGlastra @rileyphughes DIDComm is standardized inside DIF. 
That process seems to have gone well. 
People are generally happy with that spec. 
Implementations outside of the Aries/Indy.",,,,,,,,,,
2023-05-30T18:31:58+00:00,https://twitter.com/TimoGlastra/status/1663614243508301825,TimoGlastra,"@IdentityWoman @rileyphughes I think one of the main thing I'm having issues with is that Aries/Indy/AnonCreds/DIDComm are being conflated and therefore the issues of one of them, are issues of all of them.

But that's probably because the early implementations were tightly coupled",,,,,,,,,,
2023-05-30T18:26:03+00:00,https://twitter.com/TimoGlastra/status/1663612753381142531,TimoGlastra,"@IdentityWoman @rileyphughes I'm trying to change my opinion. What do you think we need to do to fix Aries/AnonCreds/Indy/DIDComm?

As I see it, people like DIDComm, are not a fan of the weak standardization process in Aries and hate AnonCreds &amp; Indy.  Does that sum it up?",,,,,,,,,,
2023-06-02T13:19:01+00:00,https://twitter.com/w3c/status/1664622648628764672,w3c,"First Public Working Draft: Verifiable Credentials JSON Schema Specification 2023 
This specifies the models used for Verifiable Credentials, Verifiable Presentations, and explains the relationships between three parties: issuers, holders, and verifiers. 
https://t.co/5PmwUr8Tbs",https://www.w3.org/blog/news/archives/9915,,,,,,,,,
2023-06-01T17:12:30+00:00,https://twitter.com/dblockchaindays/status/1664319020852559889,dblockchaindays,"ü§îWhat is #W3C? Digital Identity, verifiable credentials (W3C) ‚Äì held by Sten Reijers, founder of https://t.co/oKZwNhzPfb https://t.co/D5f7kAfdl9",http://Ver.iD,,,,,https://pbs.twimg.com/media/FxjZU6kXwAMk9iy?format=jpg&name=orig,,,,
2023-05-30T18:58:49+00:00,https://twitter.com/Officially_Rish/status/1663620998267109380,Officially_Rish,"#DigiYatra built on #W3C standards using Self Sovereign Identity (SSI), Verifiable Credentials (VC), Decentralized Identifiers (#DIDs) &amp; uses a Distributed Ledger for decentralised layer of trust b/w the various participants of the ecosystem.
https://t.co/BIXWWQvNjq",https://www.business-standard.com/article/current-affairs/digiyatra-data-will-be-saved-in-decentralised-manner-says-scindia-122120100546_1.html,,,,,,,,,
2023-05-26T10:50:37+00:00,https://twitter.com/DC4EU_project/status/1662048587264475139,DC4EU_project,How many times have you shown your university diploma? #DC4EU doesn't focus on higher education certificates only but on lifelong learning and micro-credentials on knowledge or competencies. DC4EU aims to make everyday life on campus while ensuring trust. #eidas #eudiw #ebsi #w3c https://t.co/tIktAyPPLT,,,,,,https://pbs.twimg.com/media/FxDHVLlWwAAvqoc?format=jpg&name=orig,,,,
2023-06-02T13:06:26+00:00,https://twitter.com/BON_NOB/status/1664619484118941696,BON_NOB,Bluesky/ATProtocol ÂãâÂº∑‰ºö#1.5 [„Çè„ÅÑ„Åå„ÇÑÂâØÈü≥Â£∞] ÔΩûÁ†¥Â£ä„Å®ÂâµÈÄ†„ÅÆÊûú„Å¶„Å´‰Ωï„ÇíË¶ã„ÇãÔΩû https://t.co/NsS2sI91bP @YouTube„Çà„Çä,https://www.youtube.com/live/4gpJFuxRrtY?feature=share,,,,,,,,,
2023-06-02T12:58:03+00:00,https://twitter.com/BON_NOB/status/1664617373046013953,BON_NOB,"„ÇÇ„ÅÜ„Åò„ÅçÂßã„Åæ„Çã„ÇàÔºÅ
‚ÜíBluesky/ATProtocol ÂãâÂº∑‰ºö#1.5 https://t.co/cemqxGhzt0 #blueskystudy",https://428lab.connpass.com/event/284777/,,,,,,,,,
2023-06-01T14:32:10+00:00,https://twitter.com/takanon/status/1664278669735624718,takanon,Bluesky/ATProtocol ÂãâÂº∑‰ºö#1.5 - connpass https://t.co/eahZrf6qG4,https://428lab.connpass.com/event/284777/,,,,,,,,,
2023-06-01T14:08:08+00:00,https://twitter.com/Erechorse/status/1664272623566741504,Erechorse,Bluesky/ATProtocol ÂãâÂº∑‰ºö#1.5 „Å´ÂèÇÂä†„ÇíÁî≥„ÅóËæº„Åø„Åæ„Åó„ÅüÔºÅ https://t.co/fZuAY9Smh7 #blueskystudy,https://428lab.connpass.com/event/284777/?utm_campaign=event_participate_to_follower&utm_source=notifications&utm_medium=twitter,,,,,,,,,
2023-06-01T12:10:13+00:00,https://twitter.com/adrianasalazarn/status/1664242946969948163,adrianasalazarn,"Is anyone else excited for Bluesky waitlist?üôãüèΩ‚Äç‚ôÄÔ∏è People say it could replace Twitter. But what sets it apart? Decentralized model, user control, cross-posting.  This could revolutionize social media!üåê No more limitations from mainstream platforms!  #BlueskySocial #ATProtocol https://t.co/nHufD55Nxm",,,,,,https://pbs.twimg.com/media/FxiUI-VWcAA979A?format=jpg&name=orig,,,,
2023-06-01T10:31:37+00:00,https://twitter.com/uakihir0/status/1664218132888825858,uakihir0,"ÊòéÊó• 6/2 (Èáë) 22:00~ „Å´ÈñãÂÇ¨‰∫àÂÆö„ÅÆ Bluesky/ATProtocol ÂãâÂº∑‰ºö #1.5 „ÅßËá™ÂàÜ„Åå‰Ωú„Å£„Åü Bluesky „É©„Ç§„Éñ„É©„É™„ÅÆ bsky4j „Å®„Éû„É´„ÉÅ SNS „ÇØ„É©„Ç§„Ç¢„É≥„Éà„ÅÆ SocialHub „Å´„Å§„ÅÑ„Å¶Ë©±„Åó„Åæ„ÅôÔºÅÔºÅ „Å°„Çá„Å£„Å®ÈÅÖ„ÅÑÊôÇÈñì„Åß„Åô„Åå„ÅäÊôÇÈñìÂêà„ÅÜÊñπ„ÅØÊòØÈùûÂèÇÂä†„Åó„Å¶„Å≠ÔºÅÔºÅ
https://t.co/uAi1M4FmS4",https://428lab.connpass.com/event/284777/,,,,,,,,,
2023-05-31T12:41:06+00:00,https://twitter.com/mu2in/status/1663888332659761153,mu2in,Bluesky/ATProtocol ÂãâÂº∑‰ºö#1.5 „Å´ÂèÇÂä†„ÇíÁî≥„ÅóËæº„Åø„Åæ„Åó„ÅüÔºÅ https://t.co/Iw89cuaxUf #blueskystudy,https://428lab.connpass.com/event/284777/?utm_campaign=event_participate_to_follower&utm_source=notifications&utm_medium=twitter,,,,,,,,,
2023-05-30T19:55:42+00:00,https://twitter.com/psvattan/status/1663635314458411009,psvattan,"Despite its invite-only status, decentralized social media app @bluesky, built on the AT Protocol, has surpassed 100,000 users. With 57,000+ active posters contributing to over 3.1M posts, the AT Protocol aims to emulate the early web's innovative spirit. #Bluesky #ATProtocol",,,,,,,,,,
2023-05-28T15:40:48+00:00,https://twitter.com/Kanade_gld/status/1662846391704776707,Kanade_gld,Bluesky/ATProtocol ÂãâÂº∑‰ºö#1.5 „Å´ÂèÇÂä†„ÇíÁî≥„ÅóËæº„Åø„Åæ„Åó„ÅüÔºÅ https://t.co/ebv6qFDZNi #blueskystudy,https://428lab.connpass.com/event/284777/?utm_campaign=event_participate_to_follower&utm_source=notifications&utm_medium=twitter,,,,,,,,,
2023-05-26T20:19:57+00:00,https://twitter.com/pjbrown_III/status/1662191865985220610,pjbrown_III,"What a cool feature for the ~100,000 privileged elites able to use the service

Yes, that is the sound of bitterness 

The limited-invites-only hype has worn off, now it's just frustrating 

#Bluesky #ATProtocol #decentralized",,,,,,,,,,
2023-05-26T14:42:34+00:00,https://twitter.com/ArNazeh/status/1662106960294998018,ArNazeh,"@simulxxx @SimpleXChat There is a very narrow window where we can learn from AtProtocol choices for a personal data server, and build similar architecture while they are busy with moderation hell.

If missed, did:plc, the worst did ever, will become the norm of data stores.",,,,,,,,,,
2023-06-02T00:01:05+00:00,https://twitter.com/drummondreed/status/1664421844886372352,drummondreed,"At @Identiverse 2023, my favorite quote from the irrepressible @Steve_Lockstep in his talk on ‚ÄúZero Identity‚Äù: ‚ÄúAfter all this time, the best product to come out of the #digitalidentity industry is #verifiablecredentials‚Äîdigitally signed data.‚Äù That‚Äôs all we really need. https://t.co/ARboFscls8",,,,,,https://pbs.twimg.com/media/Fxk22IOaMAAcK4z?format=jpg&name=orig,,,,
2023-06-01T21:44:32+00:00,https://twitter.com/Idenhaus/status/1664387477715685376,Idenhaus,"Thank you @vibronet of @okta for keeping us laughing while mic dropping verifiable credential knowledge. He‚Äôs right we need VCs to happen!

#identiverse #verifiablecredentials #widegesture https://t.co/7xDz8Pr00L",,,,,,https://pbs.twimg.com/media/FxkXlYJaIAAvcAP?format=jpg&name=orig,,,,
2023-06-01T18:51:41+00:00,https://twitter.com/nicobaogim/status/1664343981998612506,nicobaogim,"Attending #DICE #Europe in Zurich next week to discuss {#VerifiableCredentials + #Democracy}. Open to connecting with professionals who share similar interests. Feel free to reach out!

https://t.co/Gw7o18lzrv",https://diceurope.org/,,,,,,,,,
2023-06-01T16:51:32+00:00,https://twitter.com/IndicioID/status/1664313744229535745,IndicioID,"In the latest Identity Insights we learn more about identity orchestration and the Monokee platform from Monokee Solutions Architect Dr. Mattia Zago!

Watch the full interview here:
https://t.co/Vrz0wmYUcj #SSI #identityorchestration #verifiablecredentials",https://www.youtube.com/watch?v=acveVTVDw24,,,,,,,,,
2023-06-01T03:28:53+00:00,https://twitter.com/suraj_r_mulla/status/1664111748620902400,suraj_r_mulla,"Unleashing the power of #zkProofs and reusable #verifiablecredentials for Identity verification at unlicensed private physical entities as
-&gt; Hotels
-&gt; Hospitals
-&gt; Travel bookings
-&gt; Airports
-&gt; Car Rental 
@Sedax_DS also taking it to Gov entities for nationwide adoption üíúü´°üöÄ",,,,,,,,,,
2023-05-31T23:43:44+00:00,https://twitter.com/vibronet/status/1664055089315856384,vibronet,"Oh, so that‚Äôs how that works behind the scene! üòõ
About to deliver my #identiverse preso on #verifiablecredentials for the identity practitioner- in 7 minutes in Juniper 1!! https://t.co/uuZK9TC6bx",,,,,,,,,,
2023-05-31T20:13:24+00:00,https://twitter.com/IndicioID/status/1664002155274203138,IndicioID,"Don't miss next week's @CardeaProject meeting for a discussion on how verifiable credentials can have an impact on vital records featuring Sarah Samis, VP Public Health Products and Platforms, GCOM:
https://t.co/55ZR4nOHTP #verifiablecredentials #SSI https://t.co/gftpSRv3nd",https://wiki.hyperledger.org/display/labs/2023-06-08+Cardea+Users+Group+Meeting,,,,,https://pbs.twimg.com/media/Fxe5D6QaUAApdeX?format=jpg&name=orig,,,,
2023-05-31T17:08:45+00:00,https://twitter.com/crediveratech/status/1663955688752656384,crediveratech,Decentralized identity with @Alex_A_Simons of @Microsoft  live at @Identiverse #microsoft #verifiablecredentials #entra #identiverse,,,,,,,,,,
2023-05-31T15:07:42+00:00,https://twitter.com/crediveratech/status/1663925224016949248,crediveratech,"At @Identiverse showcasing how our customers use Digital ID to simplify onboarding, verify access and issue credentials to professionals. #verifiablecredentials #digitalID https://t.co/BSRfGXsxD7",,,,,,https://pbs.twimg.com/media/Fxdy7KlWAAAT-sm?format=jpg&name=orig,,,,
2023-05-31T14:58:54+00:00,https://twitter.com/crediveratech/status/1663923011362193408,crediveratech,"At @INVENTUREScan today. At Inventures today, showcasing digital identity for work. Stop by to see a demo and hear from companies that have deployed Digital ID into their workforce. #verifiablecredentials #entra #digitalID https://t.co/ir3jvs2NNs",,,,,,https://pbs.twimg.com/media/FxdxJOAWwAMdsSY?format=jpg&name=orig,,,,
2023-05-30T06:48:30+00:00,https://twitter.com/DKrzyczkowski/status/1663437207154184193,DKrzyczkowski,"Learn more how to use #identity services in the #Azure cloud to secure access to cloud applications and manage digital identities from my video series:
https://t.co/uCjQOi1K1x

#microsoftentra #digitalidentity #verifiedid #ciam #azuread #azureadb2c #verifiablecredentials #oidc https://t.co/ffi1b6sJKf",https://www.youtube.com/playlist?list=PLyCBLy8xs5YJ6u7YPHMQHM5C3pb8L-rw5,,,,,https://pbs.twimg.com/media/FxW3PfsXoAAfmch?format=jpg&name=orig,,,,
2023-05-29T15:00:02+00:00,https://twitter.com/Hyperledger/status/1663198520440938498,Hyperledger,"Join us on May 31 for an in depth technical workshop about how to use Hyperledger AnonCreds to issue and present #VerifiableCredentials and how to use Zero Knowledge Proofs with Indy, Aries and other platforms

https://t.co/4jWVldzr1X https://t.co/w0wtGDaDGm",https://hubs.la/Q01RnVDg0,,,,,https://pbs.twimg.com/media/FxTePW0WIAMw08f?format=jpg&name=orig,,,,
2023-05-27T16:09:38+00:00,https://twitter.com/traceyfutures/status/1662491259053670405,traceyfutures,"And if you want a masterclass on what digital identity is, how it is being rolled out differently from the EU in the US, and the UK, listen in to Dave and Cameron's episode on State of the Nations #VerifiableCredentials #Verification https://t.co/bxZKxpEUL8 https://t.co/O1vMiaLCw1",https://buff.ly/3IJciJq,,,,,https://pbs.twimg.com/media/FxJa8FbX0AIoJJn?format=jpg&name=orig,,,,
2023-05-26T18:51:06+00:00,https://twitter.com/bhushan_vikram/status/1662169506423406594,bhushan_vikram,"3/ Now, we're working on providing these credentials to smart contracts. VCs contain private user info verified by an Issuer, so sharing it securely is crucial. #security #SmartContracts  #verifiablecredentials",,,,,,,,,,
2023-05-26T16:01:06+00:00,https://twitter.com/IdentityRamp/status/1662126724157505536,IdentityRamp,"https://t.co/ctpEI4KdMf
#cybersecurity #zerotrust #identitymanagement #verifiablecredentials #digitaltransformation #cloud #entra #microsoftazure #riskmanagement #cloudcomputing #technology #business #leaders",https://idramp.com/idramp-orchestration-fabric-now-available-in-the-ms-azure-marketplace/,,,,,,,,,
2023-05-26T14:45:06+00:00,https://twitter.com/RENCI/status/1662107596109537280,RENCI,"Erik Scott, Senior #ResearchSoftware Developer at #RENCI, presented the @CiCompass #webinar ""#VerifiableCredentials and #DigitalWallets: An Overview."" last month. The recording of this event is now available. #identitymanagement #verifiablecredentials https://t.co/KieuX87xXr",https://www.youtube.com/watch?v=LO6oGup5iuA,,,,,,,,,
2023-05-26T10:56:34+00:00,https://twitter.com/DC4EU_project/status/1662050085364981760,DC4EU_project,What about sharing information with private stakeholders? Are you concerned about how your data is used and disclosed? #DC4EU is and will be GDPR compliant. You will have control of the attributes shared. #verifiablecredentials #eidas #eudiw #ebsi #w3c https://t.co/enoRgzU0GR,,,,,,https://pbs.twimg.com/media/FxDJaJ5XgAU99Wt?format=jpg&name=orig,,,,
2023-05-26T00:47:52+00:00,https://twitter.com/waylonkenning/status/1661896902324137984,waylonkenning,Finding SDKs for #verifiablecredentials has been a challenge though there are good ones built right here in NZ with MATTR and now some from Microsoft too. Shows some real product maturing occurring. https://t.co/ne2X5mpOt1,https://lnkd.in/gxW7Jyhh,,,,,,,,,
2023-05-25T23:22:51+00:00,https://twitter.com/Steve_Lockstep/status/1661875508081217537,Steve_Lockstep,"Lockstep launches a podcast ""Making Data Better"". 
""Data quality is fundamental to changing the Internet's economic model from the coin of our attention to something better"". 
Here's the teaser:  https://t.co/i40JaIK6ea 
#DVP #verifiablecredentials #adtech #datasharing",https://www.buzzsprout.com/2195663/12920369,,,,,,,,,
2023-05-25T13:07:00+00:00,https://twitter.com/lissi_id/status/1661720523393445891,lissi_id,"Dive into @w3c's guide on securing verifiable credentials using JSON Web Tokens for robust digital identity solutions üë©‚Äçüíªüîê‚úÖ #VerifiableCredentials #JSONWebTokens

https://t.co/ucyzJPY3pQ",https://www.w3.org/TR/vc-jwt/,,,,,,,,,
2023-06-02T13:36:01+00:00,https://twitter.com/SSI_Ambassador/status/1664626926038786052,SSI_Ambassador,"Explore why self-sovereign identity is crucial for a secure &amp; user-friendly metaverse. Protect privacy while fostering seamless experiences! #Metaverse #SelfSovereignIdentity üîóüõ°Ô∏èüåê 

https://t.co/C7PGZG2SO4",https://www.itp.net/emergent-tech/why-self-sovereign-identity-vital-for-a-safe-and-user-friendly-metaverse,,,,,,,,,
2023-06-02T09:29:11+00:00,https://twitter.com/veiovia/status/1664564808400642049,veiovia,"#SelfSovereignIdentity has immense potential in healthcare and medical research. It enables secure and seamless sharing of medical #data, improves patient #privacy, and accelerates research advancements

#Healthcare #MedicalResearch",,,,,,,,,,
2023-06-01T15:30:01+00:00,https://twitter.com/SSI_by_memes/status/1664293226986221571,SSI_by_memes,"In a world where privacy often takes a backseat, SSI is here to put it in the spotlight! üï∂Ô∏è #PrivacyMatters #SelfSovereignIdentity https://t.co/4wPz5Gbucz",,,,,,https://pbs.twimg.com/media/FuKvH7oXsAATwm-?format=jpg&name=orig,,,,
2023-06-01T14:36:57+00:00,https://twitter.com/veiovia/status/1664279876059410435,veiovia,"Imagine a future where students have control over their educational #data and credentials, enhancing #privacy, #security, and flexibility. #Selfsovereignidentity can revolutionize the education sector by streamlining verification and enabling lifelong learning.",,,,,,,,,,
2023-06-01T09:55:32+00:00,https://twitter.com/veiovia/status/1664209054388965376,veiovia,"Join our Discord community today to connect with like-minded individuals passionate about #blockchain technology, #CircularEconomy, #selfsovereignidentity and #privacy! Share your ideas and experiences with us!  ü§ù 

https://t.co/YRhkWbkorN

#Web3 #Ripple #Sustainability #SSI https://t.co/aKInUwUoLq",http://discord.gg/gCM8gYR4qb,,,,,,,,,
2023-06-01T03:30:47+00:00,https://twitter.com/SalinaPaudel3/status/1664112227052552198,SalinaPaudel3,"Exciting times ahead! üåü As blockchain technology evolves, we'll witness the rise of self-sovereign identities, giving individuals control over their digital data and privacy. üîêüîì #SelfSovereignIdentity",,,,,,,,,,
2023-06-01T03:25:36+00:00,https://twitter.com/funkygod_/status/1664110922326245383,funkygod_,"Exciting times ahead! üåü As blockchain technology evolves, we'll witness the rise of self-sovereign identities, giving individuals control over their digital data and privacy. üîêüîì #SelfSovereignIdentity https://t.co/cloKllQZce",,,,,,,,,,
2023-05-31T08:05:18+00:00,https://twitter.com/digitalsocialid/status/1663818923664392192,digitalsocialid,"ü•≥ü§ù https://t.co/oQwLzlTnYQ is teaming up with @hypersignchain! Get ready to skyrocket your #Web3 reputation with a side of #SelfSovereignIdentity goodness. üöÄ More power to you, and your data! üí™ Here's to a trust-driven, decentralized, and user-centric #Web3 future. https://t.co/Qk4fZNU1kh",http://Digitalsocial.ID,,,,,https://pbs.twimg.com/media/FxcSfg7XgAE1Q9l?format=jpg&name=orig,,,,
2023-05-29T18:04:44+00:00,https://twitter.com/Ndako_mustapha/status/1663245000899977216,Ndako_mustapha,#Litentry #SelfSovereignIdentity #DigitalEmpowerment #Privacy #Decentralization,,,,,,,,,,
2023-05-29T11:15:43+00:00,https://twitter.com/veiovia/status/1663142069420924929,veiovia,"Goodbye to the days of chasing down missing financial documents üèÉ‚Äç‚ôÇÔ∏èüí∏ Say hello to the secure and convenient world of self-sovereign identity in finance and banking üí≥üëã

#SSI #Blockchain #SelfSovereignIdentity",,,,,,,,,,
2023-05-29T09:44:02+00:00,https://twitter.com/MetasenseOne/status/1663118996923711494,MetasenseOne,"Self-sovereign identity systems have the potential to revolutionize the way we manage our #DigitalIdentities. However, it is important to consider the potential implications on #privacy, security, and accessibility.
#SelfSovereignIdentity #Futurism #0T01Erey4 https://t.co/XIyB4SleNQ",,,,,,,,,,
2023-05-28T23:13:50+00:00,https://twitter.com/Propel_Crypto/status/1662960400021716993,Propel_Crypto,"Digital identities on the blockchain enable self-sovereign identity, putting users in control of their personal data. 

Say goodbye to data breaches and hello to privacy-enhancing solutions. #SelfSovereignIdentity #BlockchainSecurity",,,,,,,,,,
2023-05-28T19:58:09+00:00,https://twitter.com/Extrimian/status/1662911156716023808,Extrimian,"True story üö©üëáüèΩ

Protege los datos privados de tus usuarios y adopta un sistema de identidad digital autosoberana m√°s seguro y decentralizado üí™üèºüÜî

#SSI #SelfSovereignIdentity #DigitalIdentity https://t.co/hl6d5aO6r9",,,,,,https://pbs.twimg.com/media/FxPY4mTWYAMNGdd?format=jpg&name=orig,,,,
2023-05-28T03:00:01+00:00,https://twitter.com/Sebastian_B_S/status/1662654935006322689,Sebastian_B_S,"Blockchain can empower individuals by giving them control over their own data. With self-sovereign identity solutions, people can manage and share their personal information securely, without relying on centralized authorities. #SelfSovereignIdentity #Blockchain #DataControl",,,,,,,,,,
2023-05-27T06:55:02+00:00,https://twitter.com/o1_labs/status/1662351688018145281,o1_labs,"9Ô∏è‚É£ Self-Sovereign Identity concepts are here to save the day! üôå Securely issuing, validating, and storing identity credentials in a decentralized fashion! üÜîüîê #SelfSovereignIdentity #DecentralizedCredentials",,,,,,,,,,
2023-05-27T00:52:00+00:00,https://twitter.com/KawuYarima/status/1662260328376287234,KawuYarima,"@seanbohan @scurranC3I The workshop led by community leaders is a great opportunity to dive into topics like #anoncreds, #zkp, #selfsovereignidentity, and more. It's cool to see such engagement and collaboration in advancing the adoption of #decentralizedidentity.",,,,,,,,,,
2023-05-26T15:28:00+00:00,https://twitter.com/SSI_by_memes/status/1662118393007206403,SSI_by_memes,Spread the word: SSI is the future of digital identity management! üì£ #TellAFriend #SelfSovereignIdentity https://t.co/9gynjq9SHa,,,,,,https://pbs.twimg.com/media/FuKuzsHXoAYANCT?format=jpg&name=orig,,,,
2023-05-26T11:14:31+00:00,https://twitter.com/NickyHickman11/status/1662054602680803332,NickyHickman11,"Excellent find from Nathalie Oestmann, important reminder for the #digitalidentity  community that #web3 needs #selfsovereignidentity and #governance to achieve its original #privacy, #equity and #democracy goals. https://t.co/AnQvj85cij",https://lnkd.in/ewVfcTHP,,,,,,,,,
2023-05-26T10:36:36+00:00,https://twitter.com/Ndako_mustapha/status/1662045061087916033,Ndako_mustapha,#Litentry #DecentralizedIdentity #IdentityAggregation #Privacy #SelfSovereignIdentity #Blockchain,,,,,,,,,,
2023-05-26T10:29:01+00:00,https://twitter.com/veiovia/status/1662043154445479937,veiovia,"#Selfsovereignidentity has ethical implications that go beyond data privacy. By putting control of personal data back in the hands of individuals, SSI can impact our values of autonomy, agency, and dignity.

#SSI #dataprivacy",,,,,,,,,,
2023-05-25T13:36:00+00:00,https://twitter.com/SSI_Ambassador/status/1661727821377552385,SSI_Ambassador,"Dive into the key takeaways from the 36th Internet Identity Workshop #IIW, empowering the future of digital identity &amp; trust. Summary by @mathieu_glaude published at #TrustOverIP @trustoverip üîóüåêüí° 

https://t.co/pYRg1c6RyW",https://trustoverip.org/blog/2023/04/28/internet-identity-workshop-36-in-review,,,,,,,,,
2023-03-21T09:53:54+00:00,https://twitter.com/ciferr_UBC/status/1638116717116129280,ciferr_UBC,"Trust Over IP Foundation¬†is working to solve today's most important digital trust issues.
Take this¬†short survey¬†(&lt; 3 mins) to help build a better internet for everyone!  
#digitalid #trustoverip Blockchain@UBC https://t.co/9avNSOOZLD",https://lnkd.in/dZC4NRWY,,,,,,,,,
2023-02-20T23:35:20+00:00,https://twitter.com/alphacurve/status/1627814186985349120,alphacurve,Veric as a word means the highest magnitude of love. It comes from Verifiable Credentials. It is the data exchange protocol located in #TrustOverIP layer 3. It is the love given by the user centric Web3 to its own people.,,,,,,,,,,
2023-01-22T23:50:19+00:00,https://twitter.com/MYC_ODD_APP/status/1617308711298506753,MYC_ODD_APP,"#Arcblock is actively involved with these organizations. 

#DID is the key üîë 

#ABT digital identity solutions + #WEB3 foundational layer is right in front of many people.

The major flood is coming for Authentic Web3 Companies.
#Cern #W3C #DIF 
#Hyperledger #Linux #TrustOveriP https://t.co/vxRXRphNMN",,,,,,https://pbs.twimg.com/media/FnHVs4TWQAUjCvA?format=jpg&name=orig,,,,
2023-01-19T14:00:40+00:00,https://twitter.com/continuumloop/status/1616073158926422018,continuumloop,Cultural blindness &amp; dissonance in #digitalidentity systems can harm certain groups. @trustoverip new paper addresses this issue &amp; proposes solutions. #digitalidentity #inclusion #responsibility #trustoverip #inclusion #responsibility #culturalawareness https://t.co/ryEkMienwv,https://smpl.is/ue2i,,,,,,,,,
2023-01-18T14:39:06+00:00,https://twitter.com/continuumloop/status/1615720442257616897,continuumloop,Excited to be a part of the team behind the new paper on digital identity harms by @trustoverip. Join us in creating a more responsible digital identity ecosystem! #digitalidentity #harms #prevention #responsibletech #trustoverip #identityprotection https://t.co/ts08PjktwW,https://smpl.is/ue1p,,,,,,,,,
2023-01-14T00:01:19+00:00,https://twitter.com/trustoverip/status/1614049988555976705,trustoverip,"Ankur Patel speaks at the #ToIP Ecosystem Foundry Working Group on Microsoft's work with #DIF and #W3C communities on building systems with decentralized identifiers and verifiable Credentials.  #entra, #microsoft, #identity, #trustoverip

https://t.co/dkaoB1lAk3 https://t.co/oacdAnpsBK",https://www.linkedin.com/events/entraverifiedid-atrustworthyway7019814808451510272/comments/,,,,,https://pbs.twimg.com/media/FmZBftRacAAbglB?format=jpg&name=orig,,,,
2023-01-10T17:45:57+00:00,https://twitter.com/Schellman/status/1612868358709383186,Schellman,"Scott Perry, a pioneer and leader in our Crypto and Digital Trust Services, discusses what this service line is and how it's shaping the future of privacy on the internet. Watch now on YouTube: https://t.co/fOID8S4q4p
#Crypto #Cryptography #Schellman #Privacy #TrustOverIP",https://hubs.ly/Q01xxGZw0,,,,,,,,,
2022-12-08T15:51:29+00:00,https://twitter.com/continuumloop/status/1600880752626900992,continuumloop,Check out our blog post for a recap of our year in review webinar! We've posted the recording for anyone who missed it. #DigitalTransformation #DigitalID #TrustRegistry #DigitalWallet #TrustOverIP https://t.co/3zaqNSUowv via @darrello,https://www.continuumloop.com/2022-year-in-review/,,,,,,,,,
2022-10-27T23:27:27+00:00,https://twitter.com/MYC_ODD_APP/status/1585775210912837632,MYC_ODD_APP,"#Arcblock #ABT has worked among giants to bring DID standardization 

#DID 

#Blackrock #Accenture #Hyperledger #DIF #TrustOverIP 
#Algorand #IMF #W3c #CERN #Microsoft #Amazon #DLT",,,,,,,,,,
2022-10-06T22:08:10+00:00,https://twitter.com/MYC_ODD_APP/status/1578145114026782720,MYC_ODD_APP,"#Arcblock #ABT 

186m coin cap 

#TrustOverIP #Hyperledger #Accenture #Blackrock #WTIA #CascadiaBlockchainCouncil #IBM #Microsoft #W3c #DIF #Coinbase https://t.co/Zg0zCs1S8I",,,,,,https://pbs.twimg.com/media/Feayk7qXkAA2bED?format=jpg&name=orig,,,,
2022-10-06T20:58:44+00:00,https://twitter.com/MYC_ODD_APP/status/1578127642536149011,MYC_ODD_APP,"#Arcblock #ABT 

186m coincap listed on #coinbase üö®üèÜ#blackrock

#W3C #TrustOverIP #Hyperledger #Accenture #OpenID #Linux #DIF #Web3 implementation Standard https://t.co/FTZ1Gv6Wed",,,,,,https://pbs.twimg.com/media/Feaiub6XgB47FLb?format=jpg&name=orig,,,,
2022-09-16T05:33:42+00:00,https://twitter.com/VirealZ/status/1570647091969667073,VirealZ,"Richard Wong in the $ABT #ArcBlock telegram knows how to read and knows what a partnership really is.

#ABT is partnered with:

 #BLACKROCK 
#WTIA 
#TRUSTOVERIP 
#TOIP 
#W3C
#CascadiaBlockchainCouncil
#DecentralizedIdentityFoundation
#DiD 
#Hyperledger
#Microsoft 
#Tmobile https://t.co/T00551Xktv",,,,,,https://pbs.twimg.com/media/FcwO_BuacAEXUNy?format=jpg&name=orig,,,,
2022-09-13T16:50:08+00:00,https://twitter.com/drummondreed/status/1569730157111558144,drummondreed,"At the final session of #HyperledgerForum, Rhode Island Secretary of Commerce @LizTannerRI and tech consultant Jim Mason show how the combination of the #VerifiableCredentials digital trust triangle and the #TrustOverIP governance model solved RI‚Äôs initial anti-fraud use cases. https://t.co/NPQzLTPPFb",,,,,,https://pbs.twimg.com/media/FcjNQanXgAAXiuj?format=jpg&name=orig,,,,
2022-09-13T14:27:12+00:00,https://twitter.com/GLEIF/status/1569694189293543427,GLEIF,"We‚Äôre a day away from the first-ever Trust Over IP Summit!

The event offers a great opportunity to learn more about the role of ToIP in enabling Internet-scale #digital #trust &amp; to meet some of our many members. 

#ToIPSummit #TrustOverIP #OSSummit #HyperledgerForum #LEI",,,,,,,,,,
2022-09-12T13:24:44+00:00,https://twitter.com/drummondreed/status/1569316079100362755,drummondreed,"At #Hyperledger Global Forum, #TrustOverIP Steering Comm. Member &amp; #Governance Stack WG Co-Chair Scott Perry explains that compliance really starts to matter when regulatory authorities starts to care about the risks associated with #verifiablecredentials and #digitaltrust. https://t.co/dcT8z7pBot",,,,,,https://pbs.twimg.com/media/FcdUpzsXoAA2QXv?format=jpg&name=orig,,,,
2022-09-07T13:00:03+00:00,https://twitter.com/Avast/status/1567497927886573568,Avast,"Join us at the @trustoverip Summit in Dublin on Sept 14! Register today ‚û°Ô∏è https://t.co/jBJQCkBuKt
#TrustOverIP #ToIPSummit https://t.co/lY6NZ3jZah",https://ava.st/3AfvDwI,,,,,https://pbs.twimg.com/media/FcDfDvBX0AEt8Ou?format=jpg&name=orig,,,,
2022-09-06T19:26:11+00:00,https://twitter.com/continuumloop/status/1567232714658521090,continuumloop,The Trust Over IP Foundation's Trust Registry Task Force is committed to creating a secure and interoperable digital ecosystem. #trustoverip #trustregistries #digitalidentity https://t.co/1DChjrp09b via @darrello,https://www.continuumloop.com/trust-registry-task-force/,,,,,,,,,
2022-08-30T11:00:01+00:00,https://twitter.com/Avast/status/1564568617471049729,Avast,"Going to the @trustoverip Summit on Sept 14? Drummond Reed, Director, Digital Trust Services at Avast, will be speaking! See the full lineup ‚û°Ô∏è https://t.co/TqW7tLgvzs
#TrustOverIP #ToIPSummit https://t.co/ZOkUkHRoMx",https://ava.st/3Kj8ePz,,,,,https://pbs.twimg.com/media/FbZ23YPWIAMJQFQ?format=jpg&name=orig,,,,
2022-08-20T10:55:45+00:00,https://twitter.com/marie_wallace/status/1560943663794081797,marie_wallace,"Looking forward to our first #ToIPSummit as part of the The Linux Foundation open source conference. Get hands-on with DIDs, VCs, and get the inside track on standardization efforts. Plus, it's a great excuse to visit #ireland :-) #TrustOverIP #privacy #i‚Ä¶https://t.co/QUXGHb85uE",https://lnkd.in/erVzDdf4,,,,,,,,,
2023-04-19T12:25:54+00:00,https://twitter.com/docknetwork/status/1648664214544809987,docknetwork,"Our company heads @N1ckLambert and @elinacadouri are currently attending the Internet Identity Workshop in the CA, USA, exchanging ideas about the latest advancements in internet identity. 

We can't wait to see what they bring back to our team! #IIW #InternetIdentityWorkshop https://t.co/fKQIZLGkU0",,,,,,https://pbs.twimg.com/media/FuE7Jr2XsAEuHuI?format=jpg&name=orig,,,,
2023-04-12T17:02:58+00:00,https://twitter.com/NumeracleInc/status/1646197226119610393,NumeracleInc,"Connect with Numeracle's Founder &amp; CEO, Rebekah Johnson, at #IIW next week where the largest concentration of talent on the planet dedicated to designing and building #identity systems come together.

https://t.co/iHS5KiwnYr  #InternetIdentityWorkshop https://t.co/6hlMDwGAXS",https://loom.ly/XJFbFKo,,,,,https://pbs.twimg.com/media/Fth3pwkXwBcTXJu?format=jpg&name=orig,,,,
2023-04-11T11:27:59+00:00,https://twitter.com/ayanworkstech/status/1645750537458184192,ayanworkstech,#AyanWorks #internetidentityworkshop #iiw #technology #digitalidentity #VCs #SSI #blockchain #livewire #Identity #IIW #IIW36 #internetidentity #identity #selfsovereignidentity #SSI #decentralizedidentity #verifiablecredentialssolution,,,,,,,,,,
2022-12-22T19:20:33+00:00,https://twitter.com/drummondreed/status/1606006796896079872,drummondreed,"@northern_block @Avast @mathieu_glaude Mathieu, it was such a pleasure to ‚Äúgo deep‚Äù with you on some topics like the ToIP Technical Architecture spec that rarely get an airing outside of conferences like #InternetIdentityWorkshop. I completely agree with you that 2023 is going to be a bang-up year for #SSI and #ToIP.",,,,,,,,,,
2022-11-17T11:10:15+00:00,https://twitter.com/amxrachijohnson/status/1593199833594368001,amxrachijohnson,"My team presented a live demo yesterday at the #InternetIdentityworkshopüéä
The recorded version of the demo is available for folks who weren't able to attend.

Watch and learn 3 ways to get started with @veramolabs (no matter your platform or use case).
https://t.co/TN6E2KXbvz https://t.co/qJnkD8hRww",https://youtu.be/U6va97LOZ0M,,,,,https://pbs.twimg.com/media/FhwtJY6XoAQCh13?format=jpg&name=orig,https://pbs.twimg.com/media/FhwuqTbXwAApq4a?format=jpg&name=orig,,,
2022-11-16T16:13:03+00:00,https://twitter.com/italobb/status/1592913649693519874,italobb,"@simonas @okay_nick and I will be hosting a live demo session at the #Internetidentityworkshop today from 1:30 - 2:30.
 
If you are interested in learning how to successfully build DIDs and VCs using the Veramo framework, please stop by. @veramolabs",,,,,,,,,,
2022-11-15T14:23:53+00:00,https://twitter.com/veramolabs/status/1592523786687250432,veramolabs,". @italobb , @okay_nick  and @Simonas from our team are taking part in the #internetidentityworkshop unConference for the next three days. If you bump into any of them, don't forget to stop by and chat. #IIW https://t.co/TS4zvHFmcf",https://internetidentityworkshop.com,,,,,,,,,
2022-11-15T12:59:31+00:00,https://twitter.com/italobb/status/1592502557804752896,italobb,"Attending #Internetidentityworkshop today, alongside my teammates @okay_nick, @simonas.

Hoping to meet &amp; chat with identity folks, and members of the Veramo community. @idworkshop #iiw",,,,,,,,,,
2022-11-14T17:45:25+00:00,https://twitter.com/kylpeacock/status/1592212117444493313,kylpeacock,"I'll be participating in the #InternetIdentityWorkshop most of this week - gathering with a bunch of other people passionate about the current state of identity solutions. 

What are some problems I should be thinking about, going into the working groups?",,,,,,,,,,
2022-11-04T20:31:13+00:00,https://twitter.com/aviarytech/status/1588629964387397633,aviarytech,We have decided to postpone this event until the next session of #InternetIdentityWorkshop in the spring of 2023. We will host a session at the upcoming #IIW to discuss how we can make this an excellent learning experience for everyone!,,,,,,,,,,
2022-05-25T08:44:52+00:00,https://twitter.com/fraser_again/status/1529382984712953856,fraser_again,"3/ Or another:

Issuing credentials to attendees of a conference. This was done around 4 years ago by @esatus_SOWL, @trinsic_id amongst others at #InternetIdentityWorkshop https://t.co/YdQ99330OM",,,,,,https://pbs.twimg.com/media/FTlwZnrWYAY8bbn?format=jpg&name=orig,,,,
2022-05-07T02:11:21+00:00,https://twitter.com/tang_talks/status/1522760969553793024,tang_talks,"I attended my first #InternetIdentityWorkshop last week and experienced the open-space conference for the first time. I had a good time meeting people from different backgrounds and disciplines. Thank you to @IdentityWoman for introducing me to #IIW!

https://t.co/c8cSBm1OCg https://t.co/qUHpQCDr3P",https://internetidentityworkshop.com/,,,,,https://pbs.twimg.com/media/FSHue2aUUAAC0OD?format=jpg&name=orig,,,,
2022-05-02T02:01:49+00:00,https://twitter.com/gvelez17/status/1520946629724962819,gvelez17,"Heading home from #InternetIdentityWorkshop - was awesome, and we signed a claim that it was the biggest one yet :-)   

https://t.co/YxUvdlcfmL",https://github.com/blueskyCommunity/aozora/blob/main/CODEYARDS/reputation_feed/iiw_2022_size.json,,,,,,,,,
2022-04-29T11:26:38+00:00,https://twitter.com/Kiltprotocol/status/1520001608809168896,Kiltprotocol,"It‚Äôs a wrap! The last days Antonio, @ntn_x2 took part in the #internetidentityworkshop unConference in San Francisco.

He demoed @BTE_didsign, @BTE_web3name, @socialkyc and @sporranwallet and also explained the VCO model. https://t.co/GRwiGA3u3Z",,,,,,https://pbs.twimg.com/media/FRghXftXsAAyxRW?format=jpg&name=orig,https://pbs.twimg.com/media/FRghXfuWYAMo0zr?format=jpg&name=orig,,,
2022-04-27T19:10:47+00:00,https://twitter.com/The_AVPA/status/1519393639977287681,The_AVPA,This specimen ‚Å¶@CitizenCard‚Å© has been extremely helpful in illustrating the challenge to the digital identity community at #IIW to solve interoperability across digital proofs of age from ‚Å¶multiple @PASS_Scheme‚Å© issuers. #ISO18013 #InternetIdentityWorkshop https://t.co/LZh9fqxiPq,,,,,,https://pbs.twimg.com/media/FRX4dDEVkAEt5TA?format=jpg&name=orig,,,,
2022-04-26T15:36:53+00:00,https://twitter.com/kiltespanol/status/1518977421562757120,kiltespanol,"Antonio (@ntn_x2), el experto de DID de @KILTProtocol, participar√° en la #internetidentityworkshop unConference durante los pr√≥ximos tres d√≠as.

Har√° una demostraci√≥n de las √∫ltimas aplicaciones KILT y recopilar√° comentarios sobre el modelo VCO. #IIW

https://t.co/D7YgeJswMW",https://internetidentityworkshop.com,,,,,,,,,
2022-04-26T11:46:25+00:00,https://twitter.com/BTE_BOTLabs/status/1518919422278258690,BTE_BOTLabs,"Antonio (@ntn_x2) our in-house DID expert is taking part in the #internetidentityworkshop unConference for the next three days. 

He‚Äôll demo the latest KILT applications and gather feedback on our VCO model. #IIW

https://t.co/J5DcBQpCnl",https://internetidentityworkshop.com,,,,,,,,,
2021-04-22T22:48:11+00:00,https://twitter.com/nobantu/status/1385364838570856448,nobantu,"Closing Circle online (#IIW a year on and we're online for the 3rd time)
#openspacetech #whatisidentity #internetidentityworkshop https://t.co/ROyEzdHkq0",,,,,,https://pbs.twimg.com/media/EznN-iXVIAY-rGo?format=jpg&name=orig,,,,
2021-04-21T20:33:48+00:00,https://twitter.com/blockchainusa2/status/1384968635903586312,blockchainusa2,"@blockchainusa2 is proud to announce that we are attending the @idworkshopInternet @IdentityIDSupport Workshop for 3 days session. Our #Blockchain Director @ Praveen Marupadige is meeting.
1st Day #InternetIdentityWorkshop Mr. Praveen met Company #CEOs #VP
 #InternetIdentity #IIW https://t.co/MsPsrZXG2U",,,,,,https://pbs.twimg.com/media/EzhloIcUUAEMH40?format=jpg&name=orig,,,,
2020-04-30T13:31:15+00:00,https://twitter.com/kristinayasuda/status/1255852215589154818,kristinayasuda,"Universal Declaration of Digital Identity session at IIWXXX starting right now!! 
#IIW #InternetIdentityworkshop
#UDDI",,,,,,,,,,
